{"cameraMode":{"drawMode":0,"name":"Shaded","section":"Shading Mode"},"sceneLighting":false,"audioPlay":false,"sceneViewState":{"showFog":true,"showMaterialUpdate":false,"showSkybox":false,"showFlares":true,"showImageEffects":true,"showParticleSystems":true},"in2DMode":false,"pivot":{"x":1.416820764541626,"y":4.97699499130249,"z":8.60029125213623},"rotation":{"x":0.006849332246929407,"y":-0.9654083251953125,"z":0.25940537452697756,"w":0.025490503758192064},"size":13.168190002441407,"orthographic":false}