{"cameraMode":{"drawMode":0,"name":"Shaded","section":"Shading Mode"},"sceneLighting":false,"audioPlay":false,"sceneViewState":{"showFog":true,"showMaterialUpdate":false,"showSkybox":false,"showFlares":true,"showImageEffects":true,"showParticleSystems":true},"in2DMode":false,"pivot":{"x":0.33143165707588198,"y":0.6247475147247315,"z":0.9904786348342896},"rotation":{"x":0.4288652241230011,"y":0.12533226609230042,"z":-0.06021781265735626,"w":0.8926033973693848},"size":2.497407913208008,"orthographic":false}