{"cameraMode":{"drawMode":0,"name":"Shaded","section":"Shading Mode"},"sceneLighting":false,"audioPlay":false,"sceneViewState":{"showFog":true,"showMaterialUpdate":false,"showSkybox":false,"showFlares":true,"showImageEffects":true,"showParticleSystems":true},"in2DMode":false,"pivot":{"x":-74.0042724609375,"y":4.497560501098633,"z":7.000431060791016},"rotation":{"x":0.006849332246929407,"y":-0.9654083251953125,"z":0.25940537452697756,"w":0.025490503758192064},"size":85.90043640136719,"orthographic":false}