{"cameraMode":{"drawMode":0,"name":"Shaded","section":"Shading Mode"},"sceneLighting":false,"audioPlay":false,"sceneViewState":{"showFog":true,"showMaterialUpdate":false,"showSkybox":false,"showFlares":true,"showImageEffects":true,"showParticleSystems":true},"in2DMode":false,"pivot":{"x":-22.98410415649414,"y":4.877098083496094,"z":0.9908447265625},"rotation":{"x":0.006849332246929407,"y":-0.9654083251953125,"z":0.25940537452697756,"w":0.025490503758192064},"size":90.8481674194336,"orthographic":false}