{"cameraMode":{"drawMode":0,"name":"Shaded","section":"Shading Mode"},"sceneLighting":false,"audioPlay":false,"sceneViewState":{"showFog":true,"showMaterialUpdate":false,"showSkybox":false,"showFlares":true,"showImageEffects":true,"showParticleSystems":true},"in2DMode":false,"pivot":{"x":-0.18182754516601563,"y":6.659738540649414,"z":-13.337607383728028},"rotation":{"x":0.01778428629040718,"y":-0.7163551449775696,"z":0.018271030858159066,"w":0.6972699761390686},"size":17.666282653808595,"orthographic":false}