{"cameraMode":{"drawMode":0,"name":"Shaded","section":"Shading Mode"},"sceneLighting":false,"audioPlay":false,"sceneViewState":{"showFog":true,"showMaterialUpdate":false,"showSkybox":false,"showFlares":true,"showImageEffects":true,"showParticleSystems":true},"in2DMode":false,"pivot":{"x":-26.932409286499025,"y":53.88349151611328,"z":-24.49099349975586},"rotation":{"x":-0.01564960367977619,"y":-0.9842895269393921,"z":0.11868488788604737,"w":-0.12978707253932954},"size":30.381269454956056,"orthographic":false}