{"cameraMode":{"drawMode":0,"name":"Shaded","section":"Shading Mode"},"sceneLighting":false,"audioPlay":false,"sceneViewState":{"showFog":true,"showMaterialUpdate":false,"showSkybox":false,"showFlares":true,"showImageEffects":true,"showParticleSystems":true},"in2DMode":false,"pivot":{"x":12.07497501373291,"y":8.011947631835938,"z":-17.924907684326173},"rotation":{"x":0.006849332246929407,"y":-0.9654083251953125,"z":0.25940537452697756,"w":0.025490503758192064},"size":26.608070373535158,"orthographic":false}